TimeGenerated,SourceIP,RequestCount,DistinctPorts
29-03-26 17:45,201.71.173.44,1,1
29-03-26 17:40,79.124.62.134,1,1
29-03-26 17:40,66.132.186.88,1,1
29-03-26 17:40,45.79.109.130,1,1
29-03-26 17:40,92.63.197.236,1,1
29-03-26 17:40,78.128.114.126,1,1
29-03-26 17:40,79.124.62.230,2,2
29-03-26 17:40,176.65.148.2,1,1
29-03-26 17:35,112.160.60.21,1,1
29-03-26 17:35,112.40.160.48,1,1
29-03-26 17:35,101.36.108.158,1,1
29-03-26 17:30,106.96.174.96,1,1
29-03-26 17:25,198.235.24.119,1,1
29-03-26 17:25,206.168.201.140,1,1
29-03-26 17:25,168.76.20.229,5,1
29-03-26 17:20,120.89.41.100,2,1
29-03-26 17:20,198.235.24.238,1,1
29-03-26 17:20,176.65.139.94,1,1
29-03-26 17:15,27.8.61.36,1,1
29-03-26 17:15,185.180.141.14,1,1
29-03-26 17:15,185.180.141.13,3,1
29-03-26 17:15,113.203.203.206,1,1
29-03-26 17:15,139.0.12.92,1,1
29-03-26 17:15,185.180.141.15,1,1
29-03-26 17:15,185.180.141.12,3,1
29-03-26 17:10,185.180.141.13,1,1
29-03-26 17:10,45.56.104.156,1,1
29-03-26 17:10,154.221.23.136,1,1
29-03-26 17:10,185.180.141.14,2,1
29-03-26 17:10,193.163.125.88,1,1
29-03-26 17:10,185.180.141.12,1,1
29-03-26 17:05,35.245.75.70,1,1
29-03-26 17:05,52.159.252.157,3,1
29-03-26 17:05,45.56.104.174,1,1
29-03-26 17:05,62.171.171.4,3,1
29-03-26 17:05,172.203.245.49,1,1
29-03-26 16:55,46.151.178.13,1,1
29-03-26 16:55,185.242.3.105,1,1
29-03-26 16:55,78.128.114.126,1,1
29-03-26 16:50,80.66.66.53,1,1
29-03-26 16:50,3.131.24.55,1,1
29-03-26 16:50,79.124.62.134,1,1
29-03-26 16:50,184.105.139.80,1,1
29-03-26 16:45,45.142.193.164,1,1
29-03-26 16:45,65.49.1.130,1,1
29-03-26 16:45,185.208.158.91,1,1
29-03-26 16:45,45.33.91.69,1,1
29-03-26 16:45,79.124.62.230,1,1
29-03-26 16:45,64.62.156.46,1,1
29-03-26 16:45,65.49.1.122,1,1
29-03-26 16:45,64.89.163.148,1,1
29-03-26 16:40,45.58.52.31,1,1
29-03-26 16:35,45.153.34.169,1,1
29-03-26 16:30,74.207.235.34,1,1
29-03-26 16:30,205.210.31.132,1,1
29-03-26 16:30,192.81.129.161,2,1
29-03-26 16:30,185.200.116.76,1,1
29-03-26 16:30,142.93.48.150,3,1
29-03-26 16:30,195.178.110.254,1,1
29-03-26 16:30,34.197.70.90,1,1
29-03-26 16:30,115.211.0.217,1,1
29-03-26 16:25,65.49.1.144,1,1
29-03-26 16:25,149.86.227.60,1,1
29-03-26 16:25,50.116.60.87,1,1
29-03-26 16:25,211.104.215.184,1,1
29-03-26 16:25,45.135.193.131,1,1
29-03-26 16:25,42.230.199.212,1,1
29-03-26 16:15,74.235.100.130,1,1
29-03-26 16:10,58.42.140.186,1,1
29-03-26 16:10,118.193.39.117,1,1
29-03-26 16:10,178.20.210.151,1,1
29-03-26 16:05,176.65.139.77,1,1
29-03-26 16:05,91.224.92.147,1,1
29-03-26 16:05,35.169.206.177,1,1
29-03-26 16:05,45.9.148.129,1,1
29-03-26 16:05,20.65.224.144,1,1
29-03-26 16:05,205.210.31.30,1,1
29-03-26 16:05,45.79.137.152,1,1
29-03-26 16:00,89.248.163.200,1,1
29-03-26 16:00,185.91.69.217,3,1
29-03-26 16:00,20.65.195.46,1,1
29-03-26 16:00,184.105.139.67,2,1
29-03-26 16:00,1.13.22.203,1,1
29-03-26 16:00,38.65.88.10,1,1
29-03-26 16:00,20.65.217.91,1,1
29-03-26 16:00,198.235.24.65,1,1
29-03-26 16:00,184.105.139.111,1,1
29-03-26 15:55,79.124.62.126,1,1
29-03-26 15:55,173.249.41.171,1,1
29-03-26 15:55,191.219.244.136,1,1
29-03-26 15:55,106.244.27.5,1,1
29-03-26 15:55,82.147.84.77,1,1
29-03-26 15:55,58.229.141.26,1,1
29-03-26 15:55,78.128.114.126,1,1
29-03-26 15:50,120.228.176.205,1,1
29-03-26 15:50,31.148.99.199,1,1
29-03-26 15:50,45.148.10.187,1,1
29-03-26 15:50,113.203.203.206,1,1
29-03-26 15:45,104.248.160.105,1,1
29-03-26 15:45,45.142.193.164,1,1
29-03-26 15:45,79.124.62.230,1,1
29-03-26 15:45,80.94.95.83,1,1
29-03-26 15:45,185.218.138.56,1,1
29-03-26 15:40,34.101.135.28,1,1
29-03-26 15:35,165.232.61.17,1,1
29-03-26 15:35,212.115.54.84,1,1
29-03-26 15:35,106.119.154.56,1,1
29-03-26 15:35,83.235.21.125,1,1
29-03-26 15:30,198.46.253.18,1,1
29-03-26 15:30,139.135.43.223,1,1
29-03-26 15:30,198.235.24.146,1,1
29-03-26 15:30,43.248.109.242,1,1
29-03-26 15:30,157.0.0.10,1,1
29-03-26 15:25,92.63.197.236,1,1
29-03-26 15:20,31.148.99.199,1,1
29-03-26 15:20,15.156.234.60,1,1
29-03-26 15:20,91.232.238.112,2,1
29-03-26 15:15,91.232.238.112,1,1
29-03-26 15:15,79.124.62.134,1,1
29-03-26 15:10,194.180.48.63,1,1
29-03-26 15:10,79.124.62.134,1,1
29-03-26 15:10,172.202.118.16,1,1
29-03-26 15:10,206.135.174.66,1,1
29-03-26 15:10,144.202.82.88,1,1
29-03-26 15:10,172.94.9.253,1,1
29-03-26 15:05,223.101.128.138,1,1
29-03-26 15:05,91.196.152.94,1,1
29-03-26 15:05,106.13.45.232,1,1
29-03-26 15:00,205.210.31.223,1,1
29-03-26 15:00,205.210.31.242,1,1
29-03-26 15:00,92.118.39.95,1,1
29-03-26 15:00,220.197.78.133,1,1
29-03-26 15:00,72.251.216.41,111,19
29-03-26 14:55,78.128.114.126,1,1
29-03-26 14:55,195.184.76.110,1,1
29-03-26 14:55,2.57.122.238,1,1
29-03-26 14:55,45.32.115.84,1,1
29-03-26 14:55,72.251.216.41,61,19
29-03-26 14:50,72.251.216.41,210,9
29-03-26 14:50,66.132.186.47,1,1
29-03-26 14:50,183.133.103.98,2,1
29-03-26 14:50,65.49.1.37,1,1
29-03-26 14:50,167.71.51.210,1,1
29-03-26 14:45,72.251.216.41,2,1
29-03-26 14:40,72.251.216.41,1,1
29-03-26 14:35,80.94.95.83,1,1
29-03-26 14:30,79.124.62.178,1,1
29-03-26 14:30,72.251.216.41,1,1
29-03-26 14:25,78.128.114.126,1,1
29-03-26 14:20,79.124.62.230,1,1
29-03-26 14:00,79.124.62.126,1,1
29-03-26 13:50,80.94.95.43,1,1
29-03-26 13:50,79.124.62.230,1,1
29-03-26 13:45,80.94.95.221,1,1
29-03-26 13:40,80.94.95.221,1,1
29-03-26 13:40,82.147.84.77,1,1
29-03-26 13:35,78.128.114.126,1,1
29-03-26 13:35,80.94.95.221,1,1
29-03-26 13:30,219.94.233.246,1,1
29-03-26 13:30,119.8.100.155,1,1
29-03-26 13:30,79.124.62.134,1,1
29-03-26 13:25,92.63.197.236,1,1
29-03-26 13:10,103.237.86.21,1,1
29-03-26 13:10,65.49.1.51,1,1
29-03-26 13:10,65.49.1.42,1,1
29-03-26 13:00,45.142.193.161,3,1
29-03-26 13:00,79.124.62.126,1,1
29-03-26 12:55,45.142.193.161,1,1
29-03-26 12:55,106.119.154.56,1,1
29-03-26 12:35,79.124.62.134,1,1
29-03-26 12:30,78.128.114.126,1,1
29-03-26 12:30,72.251.216.41,1,1
29-03-26 12:25,198.235.24.103,4,1
29-03-26 12:25,47.254.192.213,3,1
29-03-26 12:25,47.251.53.147,10,1
29-03-26 12:20,198.235.24.103,1,1
29-03-26 12:05,78.128.114.126,1,1
29-03-26 11:50,79.124.62.230,1,1
29-03-26 11:25,79.124.62.178,1,1
29-03-26 11:20,79.124.62.230,1,1
29-03-26 11:15,92.63.197.236,1,1
29-03-26 11:15,79.124.62.126,1,1
29-03-26 11:10,79.124.62.134,1,1
29-03-26 10:50,78.128.114.126,1,1
29-03-26 10:50,80.66.83.80,2,1
29-03-26 10:20,78.128.114.126,1,1
29-03-26 10:05,115.68.195.145,1,1
29-03-26 09:55,78.128.114.126,1,1
29-03-26 09:55,103.1.210.25,1,1
29-03-26 09:50,79.124.62.134,1,1
29-03-26 09:45,92.63.197.236,1,1
29-03-26 09:45,79.124.62.230,1,1
29-03-26 09:30,219.94.233.246,1,1
29-03-26 09:20,45.142.193.169,1,1
29-03-26 09:20,80.66.83.43,1,1
29-03-26 09:15,79.124.58.162,1,1
29-03-26 09:15,79.124.62.126,1,1
29-03-26 08:55,78.128.114.126,1,1
29-03-26 08:50,80.66.83.80,1,1
29-03-26 08:45,91.230.168.155,1,1
29-03-26 08:45,91.230.168.157,1,1
29-03-26 08:45,195.184.76.230,1,1
29-03-26 08:35,20.64.104.9,3,1
29-03-26 08:25,135.233.112.94,2,1
29-03-26 08:25,106.119.154.56,1,1
29-03-26 08:20,135.233.112.94,1,1
29-03-26 08:10,45.142.193.164,1,1
29-03-26 08:05,79.124.62.230,1,1
29-03-26 08:05,78.128.114.126,1,1
29-03-26 07:55,92.63.197.236,1,1
29-03-26 07:50,13.57.214.42,1,1
29-03-26 07:50,71.6.233.164,1,1
29-03-26 07:35,79.124.62.134,1,1
29-03-26 07:35,82.147.84.77,1,1
29-03-26 07:15,78.128.114.126,1,1
29-03-26 06:55,79.124.62.126,1,1
29-03-26 06:55,106.119.154.56,1,1
29-03-26 06:40,165.232.53.116,3,1
29-03-26 06:35,78.128.114.126,1,1
29-03-26 06:30,80.94.95.83,1,1
29-03-26 06:25,92.63.197.236,1,1
29-03-26 06:20,79.124.62.230,1,1
29-03-26 06:05,115.231.78.11,3,1
29-03-26 06:00,147.185.132.46,5,1
29-03-26 06:00,79.124.62.134,1,1
29-03-26 05:45,78.128.114.126,1,1
29-03-26 05:35,79.124.62.126,1,1
29-03-26 05:25,79.124.62.134,1,1
29-03-26 05:15,79.124.40.178,1,1
29-03-26 05:10,78.128.114.50,1,1
29-03-26 05:05,85.239.151.34,1,1
29-03-26 04:50,78.128.114.126,1,1
29-03-26 04:50,79.124.62.230,1,1
29-03-26 04:30,92.63.197.236,1,1
29-03-26 04:20,185.200.116.67,1,1
29-03-26 04:05,78.128.114.126,1,1
29-03-26 03:25,79.124.62.230,1,1
29-03-26 03:25,79.124.62.134,1,1
29-03-26 03:15,103.1.210.25,1,1
29-03-26 03:10,79.124.62.126,1,1
29-03-26 03:05,93.43.248.113,1,1
29-03-26 03:05,118.193.65.175,12,1
29-03-26 01:50,78.128.114.126,1,1
29-03-26 01:45,74.179.24.167,9,1
29-03-26 01:45,106.119.154.56,1,1
29-03-26 01:40,78.128.114.126,1,1
29-03-26 01:25,159.89.175.248,1,1
29-03-26 01:25,79.124.62.230,1,1
29-03-26 01:20,32.192.75.154,1,1
29-03-26 01:10,92.63.197.236,1,1
29-03-26 01:00,79.124.62.134,1,1
29-03-26 00:35,79.124.62.230,1,1
29-03-26 00:35,79.124.62.126,1,1
29-03-26 00:30,78.128.114.126,1,1
29-03-26 00:30,162.216.150.230,2,1
28-03-26 23:50,78.128.114.126,1,1
28-03-26 23:50,205.210.31.54,1,1
28-03-26 23:45,147.185.132.93,5,1
28-03-26 23:40,20.65.194.28,3,1
28-03-26 23:40,205.210.31.25,1,1
28-03-26 23:35,115.68.195.145,1,1
28-03-26 23:30,79.124.62.134,1,1
28-03-26 23:15,79.124.62.126,1,1
28-03-26 22:55,92.63.197.236,1,1
28-03-26 22:50,79.124.62.134,1,1
28-03-26 22:45,79.124.62.178,1,1
28-03-26 22:40,78.128.114.126,1,1
28-03-26 22:25,92.63.197.236,1,1
28-03-26 22:25,79.124.62.230,1,1
28-03-26 22:20,185.218.138.55,1,1
28-03-26 22:15,78.128.114.126,1,1
28-03-26 22:00,79.124.62.53,1,1
28-03-26 21:20,79.124.62.126,1,1
28-03-26 21:15,45.142.193.169,1,1
28-03-26 21:05,78.128.114.126,1,1
28-03-26 21:00,79.124.62.134,1,1
28-03-26 20:55,92.63.197.236,1,1
28-03-26 20:40,78.128.114.126,1,1
28-03-26 20:35,176.32.193.16,1,1
28-03-26 20:35,47.252.33.151,1,1
28-03-26 20:25,79.124.62.230,1,1
28-03-26 19:35,79.124.62.230,1,1
28-03-26 19:25,78.128.114.126,1,1
28-03-26 19:15,45.227.254.132,1,1
28-03-26 19:10,103.1.210.25,1,1
28-03-26 19:00,20.169.105.57,3,1
28-03-26 18:50,78.128.114.126,1,1
28-03-26 18:45,79.124.62.134,1,1
28-03-26 18:45,79.124.62.230,1,1
28-03-26 18:25,92.63.197.236,1,1
28-03-26 18:15,79.124.62.126,1,1
28-03-26 18:00,79.124.62.134,1,1
28-03-26 17:50,78.128.114.126,1,1
28-03-26 17:50,147.185.132.162,5,1
